[
  {
    "featureType": "administrative.country",
    "stylers": [
      {
        "visibility": "simplified"
      }
    ]
  },
  {
    "featureType": "administrative.country",
    "elementType": "geometry.fill",
    "stylers": [
      {
        "color": "#332e3d"
      }
    ]
  },
  {
    "featureType": "administrative.locality",
    "stylers": [
      {
        "color": "#813dff"
      },
      {
        "visibility": "simplified"
      }
    ]
  },
  {
    "featureType": "administrative.neighborhood",
    "elementType": "geometry.fill",
    "stylers": [
      {
        "visibility": "simplified"
      }
    ]
  },
  {
    "featureType": "administrative.neighborhood",
    "elementType": "geometry.stroke",
    "stylers": [
      {
        "visibility": "off"
      }
    ]
  },
  {
    "featureType": "landscape.natural",
    "elementType": "geometry.fill",
    "stylers": [
      {
        "color": "#ffffff"
      },
      {
        "visibility": "on"
      }
    ]
  },
  {
    "featureType": "landscape.natural.landcover",
    "elementType": "geometry.fill",
    "stylers": [
      {
        "color": "#cccef0"
      },
      {
        "visibility": "on"
      }
    ]
  },
  {
    "featureType": "landscape.natural.terrain",
    "elementType": "geometry.fill",
    "stylers": [
      {
        "color": "#0c39ed"
      },
      {
        "visibility": "on"
      }
    ]
  },
  {
    "featureType": "road.arterial",
    "elementType": "geometry.fill",
    "stylers": [
      {
        "color": "#0084ff"
      },
      {
        "visibility": "simplified"
      }
    ]
  },
  {
    "featureType": "road.highway",
    "elementType": "geometry.fill",
    "stylers": [
      {
        "color": "#dbc7ff"
      },
      {
        "visibility": "on"
      }
    ]
  },
  {
    "featureType": "water",
    "elementType": "geometry.fill",
    "stylers": [
      {
        "color": "#7a8a99"
      }
    ]
  },
  {
    "featureType": "water",
    "elementType": "labels.text",
    "stylers": [
      {
        "color": "#ffffff"
      },
      {
        "visibility": "simplified"
      }
    ]
  }
]